num_users,num_workers,rps
400,400,422.600000
400,500,137.200000
400,600,180.000000
