num_users,num_workers,rps
50,50,24.900000
50,100,24.800000
50,150,25.000000
50,200,24.900000
50,250,24.900000
50,300,25.000000
100,100,49.800000
100,150,49.900000
100,200,49.900000
100,250,50.000000
100,300,49.700000
150,150,74.100000
150,200,74.200000
150,250,74.400000
150,300,74.700000
200,200,99.200000
200,250,98.500000
200,300,99.400000
250,250,122.800000
250,300,124.000000
300,300,145.500000
